-- (Run this AFTER selecting your active cPanel database e.g. tecnedub_knitadvisor)

-- ============ FABRICS ============
INSERT INTO fabrics (id,slug,name,name_bn,category,base_fabric,gsm_min,gsm_max,gauge_min,gauge_max,typical_gauge,ll_multiplier,ll_source,machine_type,is_multi_yarn,is_warp_knit,appearance,machine_note,sort_order) VALUES (1,'single_jersey','Single Jersey (Plain)','সিঙ্গেল জার্সি','single_jersey',NULL,100,260,18,36,24,1,'PDF_VERIFIED — KnittingCalcula','single_bed_circular',0,0,NULL,'Standard feeders = Dia × 3. One yarn per feeder.',1);
INSERT INTO fabrics (id,slug,name,name_bn,category,base_fabric,gsm_min,gsm_max,gauge_min,gauge_max,typical_gauge,ll_multiplier,ll_source,machine_type,is_multi_yarn,is_warp_knit,appearance,machine_note,sort_order) VALUES (2,'pique_single','Single Pique (Polo Pique)','সিঙ্গেল পিকে','single_jersey','single_jersey',130,300,18,28,24,1.25,'ESTIMATED — tuck loops add ~25','single_bed_circular',0,0,'Cellular / micro-textured surface. Slightly raised wales due to tuck. Used in polo shirts.','4-feeder sequence. Sinker depth slightly increased for cell effect.',2);
INSERT INTO fabrics (id,slug,name,name_bn,category,base_fabric,gsm_min,gsm_max,gauge_min,gauge_max,typical_gauge,ll_multiplier,ll_source,machine_type,is_multi_yarn,is_warp_knit,appearance,machine_note,sort_order) VALUES (3,'pique_double','Double Pique (Honeycomb Pique)','ডাবল পিকে','single_jersey','pique_single',160,320,18,28,24,1.35,'ESTIMATED — 2×tuck per repeat ','single_bed_circular',0,0,'Prominent honeycomb / waffle texture. Heavier and more textured than single pique.',NULL,3);
INSERT INTO fabrics (id,slug,name,name_bn,category,base_fabric,gsm_min,gsm_max,gauge_min,gauge_max,typical_gauge,ll_multiplier,ll_source,machine_type,is_multi_yarn,is_warp_knit,appearance,machine_note,sort_order) VALUES (4,'lacoste_single','Single Lacoste','সিঙ্গেল লাকোস্ট','single_jersey','pique_single',160,250,18,28,24,1.15,'ESTIMATED — 2-feed structure, ','single_bed_circular',0,0,'Balanced texture, no curl at edges, used for polo/sports shirts.','2 feeders per repeat. Anti-curl property due to balanced tuck structure.',4);
INSERT INTO fabrics (id,slug,name,name_bn,category,base_fabric,gsm_min,gsm_max,gauge_min,gauge_max,typical_gauge,ll_multiplier,ll_source,machine_type,is_multi_yarn,is_warp_knit,appearance,machine_note,sort_order) VALUES (5,'lacoste_double','Double Lacoste','ডাবল লাকোস্ট','single_jersey','lacoste_single',180,280,18,28,24,1.2,'ESTIMATED — 4-feed sequence wi','single_bed_circular',0,0,'Heavier, more structured than single lacoste. Wider pronounced wale texture.',NULL,5);
INSERT INTO fabrics (id,slug,name,name_bn,category,base_fabric,gsm_min,gsm_max,gauge_min,gauge_max,typical_gauge,ll_multiplier,ll_source,machine_type,is_multi_yarn,is_warp_knit,appearance,machine_note,sort_order) VALUES (6,'french_terry','French Terry (3-Thread / Inlay Fleece)','ফ্রেঞ্চ টেরি','single_jersey','single_jersey',200,400,16,24,18,1.6,'ESTIMATED — ground yarn LL; pi','single_bed_circular',1,0,'Smooth face (S/J appearance), looped back surface (un-brushed loops). Common in sweatshirts, activewear.','Requires sinker ring modification for loop formation. Loop height controlled by sinker advancement.',6);
INSERT INTO fabrics (id,slug,name,name_bn,category,base_fabric,gsm_min,gsm_max,gauge_min,gauge_max,typical_gauge,ll_multiplier,ll_source,machine_type,is_multi_yarn,is_warp_knit,appearance,machine_note,sort_order) VALUES (7,'fleece','Fleece (Brushed French Terry)','ফ্লিস','single_jersey','french_terry',200,400,16,24,18,1.65,'ESTIMATED — slightly higher th','single_bed_circular_then_brushing',1,0,'Soft brushed surface on back. Pill-resistant premium versions use polyester pile.',NULL,7);
INSERT INTO fabrics (id,slug,name,name_bn,category,base_fabric,gsm_min,gsm_max,gauge_min,gauge_max,typical_gauge,ll_multiplier,ll_source,machine_type,is_multi_yarn,is_warp_knit,appearance,machine_note,sort_order) VALUES (8,'terry_fabric','Terry Fabric (Toweling Terry)','টেরি ফেব্রিক','single_jersey','single_jersey',200,350,16,22,20,1.55,'ESTIMATED — 2-yarn system; gro','single_bed_circular_terry',1,0,'Pronounced loops on surface. Ground yarn provides base, pile yarn provides loops. Used in towels, bathrobes, activewear.','Requires special sinker ring with alternating long/short sinkers. Terry loops are on face OR back depending on sinker setting.',8);
INSERT INTO fabrics (id,slug,name,name_bn,category,base_fabric,gsm_min,gsm_max,gauge_min,gauge_max,typical_gauge,ll_multiplier,ll_source,machine_type,is_multi_yarn,is_warp_knit,appearance,machine_note,sort_order) VALUES (9,'pointelle','Pointelle (Transfer Lace)','পয়েন্টেল','single_jersey','single_jersey',80,180,18,36,28,0.95,'ESTIMATED — open-work reduces ','single_bed_circular_or_flatbed',0,0,'Delicate open-work / lace-like holes in geometric patterns. Lightweight.',NULL,9);
INSERT INTO fabrics (id,slug,name,name_bn,category,base_fabric,gsm_min,gsm_max,gauge_min,gauge_max,typical_gauge,ll_multiplier,ll_source,machine_type,is_multi_yarn,is_warp_knit,appearance,machine_note,sort_order) VALUES (10,'plated_jersey','Plated Jersey (Plating)','প্লেটেড জার্সি','single_jersey','single_jersey',120,260,18,32,24,1.05,'ESTIMATED — essentially SJ but','single_bed_circular',0,0,'Different yarn on face vs back (e.g., cotton face, polyester back). Used for moisture management fabrics.',NULL,10);
INSERT INTO fabrics (id,slug,name,name_bn,category,base_fabric,gsm_min,gsm_max,gauge_min,gauge_max,typical_gauge,ll_multiplier,ll_source,machine_type,is_multi_yarn,is_warp_knit,appearance,machine_note,sort_order) VALUES (11,'single_jacquard','Single Jacquard','সিঙ্গেল জাকার্ড','single_jersey','single_jersey',140,280,18,28,24,1.2,'ESTIMATED — floats on back add','single_bed_circular_electronic',0,0,'Complex multi-color patterns on face. Floats on technical back. Face and back look different.',NULL,11);
INSERT INTO fabrics (id,slug,name,name_bn,category,base_fabric,gsm_min,gsm_max,gauge_min,gauge_max,typical_gauge,ll_multiplier,ll_source,machine_type,is_multi_yarn,is_warp_knit,appearance,machine_note,sort_order) VALUES (12,'rib_1x1','1×1 Rib','১×১ রিব','rib',NULL,130,300,14,24,18,1.4,'PDF_VERIFIED — KnittingCalcula','double_bed_circular',0,0,'Highly elastic, equal stretch in width and length. Reversible. Used for cuffs, waistbands, t-shirt necks.',NULL,12);
INSERT INTO fabrics (id,slug,name,name_bn,category,base_fabric,gsm_min,gsm_max,gauge_min,gauge_max,typical_gauge,ll_multiplier,ll_source,machine_type,is_multi_yarn,is_warp_knit,appearance,machine_note,sort_order) VALUES (13,'rib_2x2','2×2 Rib','২×২ রিব','rib','rib_1x1',150,310,14,22,18,1.45,'ESTIMATED — slightly higher th','double_bed_circular',0,0,'Pronounced vertical cords. Less elastic than 1×1. Used for heavier sweater ribbing.',NULL,13);
INSERT INTO fabrics (id,slug,name,name_bn,category,base_fabric,gsm_min,gsm_max,gauge_min,gauge_max,typical_gauge,ll_multiplier,ll_source,machine_type,is_multi_yarn,is_warp_knit,appearance,machine_note,sort_order) VALUES (14,'lycra_rib_1x1','1×1 Rib + Lycra (Elastane)','লাইক্রা ১×১ রিব','rib','rib_1x1',150,280,14,24,18,1.4,'Same multiplier as 1×1 rib; el','double_bed_circular',0,0,'Same as 1×1 rib but with superior recovery/return-to-shape. 5-8% elastane typical.',NULL,14);
INSERT INTO fabrics (id,slug,name,name_bn,category,base_fabric,gsm_min,gsm_max,gauge_min,gauge_max,typical_gauge,ll_multiplier,ll_source,machine_type,is_multi_yarn,is_warp_knit,appearance,machine_note,sort_order) VALUES (15,'half_cardigan','Half Cardigan (Royal Rib)','হাফ কার্ডিগান (রয়্যাল রিব)','rib','rib_1x1',180,380,12,20,16,1.55,'ESTIMATED — tuck loops on alte','double_bed_circular',0,0,'Wider, heavier, and more structured than standard 1×1 rib. One face has a different appearance to other. Used in heavy knitwear, outerwear edges.',NULL,15);
INSERT INTO fabrics (id,slug,name,name_bn,category,base_fabric,gsm_min,gsm_max,gauge_min,gauge_max,typical_gauge,ll_multiplier,ll_source,machine_type,is_multi_yarn,is_warp_knit,appearance,machine_note,sort_order) VALUES (16,'full_cardigan','Full Cardigan (Polka Rib)','ফুল কার্ডিগান (পোলকা রিব)','rib','rib_1x1',220,450,10,18,14,1.65,'ESTIMATED — every needle tucks','double_bed_circular',0,0,'Reversible — looks same on both sides. Very bulky, highly elastic, spongy hand feel. Premium knitwear.',NULL,16);
INSERT INTO fabrics (id,slug,name,name_bn,category,base_fabric,gsm_min,gsm_max,gauge_min,gauge_max,typical_gauge,ll_multiplier,ll_source,machine_type,is_multi_yarn,is_warp_knit,appearance,machine_note,sort_order) VALUES (17,'half_milano','Half Milano Rib','হাফ মিলানো রিব','rib','rib_1x1',160,340,12,24,18,1.35,'ESTIMATED — avg of rib (×1.4) ','double_bed_circular',0,0,'Slight horizontal ribbing. More stable than 1×1 rib. Medium weight. Clean flat appearance with some elasticity.',NULL,17);
INSERT INTO fabrics (id,slug,name,name_bn,category,base_fabric,gsm_min,gsm_max,gauge_min,gauge_max,typical_gauge,ll_multiplier,ll_source,machine_type,is_multi_yarn,is_warp_knit,appearance,machine_note,sort_order) VALUES (18,'full_milano','Full Milano Rib','ফুল মিলানো রিব','rib','rib_1x1',180,380,12,22,18,1.45,'ESTIMATED — 3-course sequence ','double_bed_circular',0,0,'Dimensionally stable, balanced, smooth appearance. Minimal extensibility. Good for structured garments, suiting-type knitwear.',NULL,18);
INSERT INTO fabrics (id,slug,name,name_bn,category,base_fabric,gsm_min,gsm_max,gauge_min,gauge_max,typical_gauge,ll_multiplier,ll_source,machine_type,is_multi_yarn,is_warp_knit,appearance,machine_note,sort_order) VALUES (19,'drop_needle_rib','Drop Needle Rib (Ladder Rib / Slub Rib)','ড্রপ নিডেল রিব','rib','rib_2x2',150,300,12,22,18,1.4,'ESTIMATED — similar to 1×1 rib','double_bed_circular',0,0,'Distinct vertical channels / grooves (ladders) between rib cords. Decorative, sporty aesthetic.',NULL,19);
INSERT INTO fabrics (id,slug,name,name_bn,category,base_fabric,gsm_min,gsm_max,gauge_min,gauge_max,typical_gauge,ll_multiplier,ll_source,machine_type,is_multi_yarn,is_warp_knit,appearance,machine_note,sort_order) VALUES (20,'interlock','Interlock','ইন্টারলক','interlock',NULL,150,380,16,32,24,1.9,'PDF_VERIFIED — KnittingCalcula','double_bed_circular_interlock',0,0,'Smooth on both sides (reversible). No visible ribs. Dimensionally stable, low stretch. Used in polo shirts, baby garments, sportswear.',NULL,20);
INSERT INTO fabrics (id,slug,name,name_bn,category,base_fabric,gsm_min,gsm_max,gauge_min,gauge_max,typical_gauge,ll_multiplier,ll_source,machine_type,is_multi_yarn,is_warp_knit,appearance,machine_note,sort_order) VALUES (21,'ponte_di_roma','Ponte di Roma','পন্টে ডি রোমা','interlock','interlock',200,350,16,28,24,1.7,'ESTIMATED — 4-course repeat al','double_bed_circular_interlock',0,0,'Slightly ribbed appearance, heavier and more stable than interlock. Excellent drape. Widely used for suiting, dresses, tailored knitwear.',NULL,21);
INSERT INTO fabrics (id,slug,name,name_bn,category,base_fabric,gsm_min,gsm_max,gauge_min,gauge_max,typical_gauge,ll_multiplier,ll_source,machine_type,is_multi_yarn,is_warp_knit,appearance,machine_note,sort_order) VALUES (22,'eight_lock','Eight-Lock (8-Lock)','এইট-লক','interlock','interlock',180,320,16,28,24,1.85,'ESTIMATED — close to standard ','double_bed_circular_interlock',0,0,'Extremely smooth and uniform on both sides. Slightly heavier feel than standard interlock. Reversible.',NULL,22);
INSERT INTO fabrics (id,slug,name,name_bn,category,base_fabric,gsm_min,gsm_max,gauge_min,gauge_max,typical_gauge,ll_multiplier,ll_source,machine_type,is_multi_yarn,is_warp_knit,appearance,machine_note,sort_order) VALUES (23,'bourrelet','Bourrelet (Ottoman / Cord Knit)','বুরেলে (অটোমান)','interlock','interlock',220,420,12,22,18,1.6,'ESTIMATED — held loops increas','double_bed_circular_interlock',0,0,'Pronounced horizontal ridges/ribs (cords). Textured, corduroy-like in relief. Used for structured coats, suits.',NULL,23);
INSERT INTO fabrics (id,slug,name,name_bn,category,base_fabric,gsm_min,gsm_max,gauge_min,gauge_max,typical_gauge,ll_multiplier,ll_source,machine_type,is_multi_yarn,is_warp_knit,appearance,machine_note,sort_order) VALUES (24,'texipique','Texipique (Double Pique)','টেক্সিপিকে (ডাবল পিকে)','interlock','interlock',180,320,18,28,24,1.4,'ESTIMATED — K/M (miss) combina','double_bed_circular_interlock',0,0,'Textured face, smooth back. More stable than single pique. Non-reversible.',NULL,24);
INSERT INTO fabrics (id,slug,name,name_bn,category,base_fabric,gsm_min,gsm_max,gauge_min,gauge_max,typical_gauge,ll_multiplier,ll_source,machine_type,is_multi_yarn,is_warp_knit,appearance,machine_note,sort_order) VALUES (25,'tricot_plain','Tricot (Plain)','ট্রাইকট','warp_knit',NULL,50,180,24,40,NULL,NULL,'N/A — warp knit uses different','warp_knit_tricot',0,1,'Very smooth, run-resistant, sheer. Common in lingerie, lingerie, swimwear lining.',NULL,25);
INSERT INTO fabrics (id,slug,name,name_bn,category,base_fabric,gsm_min,gsm_max,gauge_min,gauge_max,typical_gauge,ll_multiplier,ll_source,machine_type,is_multi_yarn,is_warp_knit,appearance,machine_note,sort_order) VALUES (26,'locknit','Locknit (Tricot Derivative)','লকনিট','warp_knit','tricot_plain',60,160,28,40,NULL,NULL,'ESTIMATED','warp_knit_tricot',0,1,'Ladder-proof, smooth face. Widely used for intimate apparel, lingerie lining.',NULL,26);
INSERT INTO fabrics (id,slug,name,name_bn,category,base_fabric,gsm_min,gsm_max,gauge_min,gauge_max,typical_gauge,ll_multiplier,ll_source,machine_type,is_multi_yarn,is_warp_knit,appearance,machine_note,sort_order) VALUES (27,'sharkskin_tricot','Sharkskin (Tricot)','শার্কস্কিন ট্রাইকট','warp_knit','tricot_plain',100,200,24,32,NULL,NULL,'ESTIMATED','warp_knit_tricot',0,1,'Rigid, textured, slightly abrasive face. Resembles woven fabric. Used for performance sportswear, activewear.',NULL,27);
INSERT INTO fabrics (id,slug,name,name_bn,category,base_fabric,gsm_min,gsm_max,gauge_min,gauge_max,typical_gauge,ll_multiplier,ll_source,machine_type,is_multi_yarn,is_warp_knit,appearance,machine_note,sort_order) VALUES (28,'spacer_fabric','Spacer Fabric (Raschel 3D)','স্পেসার ফেব্রিক','warp_knit',NULL,200,600,12,24,NULL,NULL,'ESTIMATED','warp_knit_raschel_double_bar',0,1,'3D sandwich structure. Two knit faces separated by spacer. Excellent cushioning, breathability, moisture transport. Used in shoe uppers, padding, car seats, medical supports.',NULL,28);
INSERT INTO fabrics (id,slug,name,name_bn,category,base_fabric,gsm_min,gsm_max,gauge_min,gauge_max,typical_gauge,ll_multiplier,ll_source,machine_type,is_multi_yarn,is_warp_knit,appearance,machine_note,sort_order) VALUES (29,'powernet','Powernet (Elastic Raschel)','পাওয়ারনেট','warp_knit',NULL,100,300,18,32,NULL,NULL,'ESTIMATED','warp_knit_raschel',0,1,'Open mesh with high elasticity/compression. Used in shapewear, foundation garments, swimwear.',NULL,29);

-- ============ COUNT FORMULAS ============
INSERT INTO fabric_count_formulas (fabric_id,formula_type,coeff_a,coeff_b,gsm_min,gsm_max,source,source_file,notes) VALUES (1,'regression',-0.141,50.22,100,260,'PDF_VERIFIED',NULL,NULL);
INSERT INTO fabric_count_formulas (fabric_id,formula_type,coeff_a,coeff_b,gsm_min,gsm_max,source,source_file,notes) VALUES (2,'regression',-0.146,57.16,130,300,'PDF_VERIFIED',NULL,NULL);
INSERT INTO fabric_count_formulas (fabric_id,formula_type,coeff_a,coeff_b,gsm_min,gsm_max,source,source_file,notes) VALUES (3,'regression',-0.138,55,160,320,'ESTIMATED',NULL,NULL);
INSERT INTO fabric_count_formulas (fabric_id,formula_type,coeff_a,coeff_b,gsm_min,gsm_max,source,source_file,notes) VALUES (4,'regression',-0.169,56.65,160,250,'LOOKUP_DERIVED',NULL,NULL);
INSERT INTO fabric_count_formulas (fabric_id,formula_type,coeff_a,coeff_b,gsm_min,gsm_max,source,source_file,notes) VALUES (5,'regression',-0.167,64.36,180,280,'PDF_VERIFIED',NULL,NULL);
INSERT INTO fabric_count_formulas (fabric_id,formula_type,source,notes) VALUES (6,'multi_yarn','PDF_VERIFIED','Use yarn_count_lookup table');
INSERT INTO fabric_count_formulas (fabric_id,formula_type,source,notes) VALUES (7,'multi_yarn','PDF_VERIFIED','Use yarn_count_lookup table');
INSERT INTO fabric_count_formulas (fabric_id,formula_type,source,notes) VALUES (8,'multi_yarn','PDF_VERIFIED','Use yarn_count_lookup table');
INSERT INTO fabric_count_formulas (fabric_id,formula_type,coeff_a,coeff_b,gsm_min,gsm_max,source,source_file,notes) VALUES (9,'regression',-0.13,47.5,80,180,'ESTIMATED',NULL,NULL);
INSERT INTO fabric_count_formulas (fabric_id,formula_type,coeff_a,coeff_b,gsm_min,gsm_max,source,source_file,notes) VALUES (10,'regression',-0.141,50.22,120,260,'ESTIMATED',NULL,NULL);
INSERT INTO fabric_count_formulas (fabric_id,formula_type,coeff_a,coeff_b,gsm_min,gsm_max,source,source_file,notes) VALUES (11,'regression',-0.13,47.5,140,280,'ESTIMATED',NULL,NULL);
INSERT INTO fabric_count_formulas (fabric_id,formula_type,coeff_a,coeff_b,gsm_min,gsm_max,source,source_file,notes) VALUES (12,'regression',-0.123,54.57,130,300,'PDF_VERIFIED',NULL,NULL);
INSERT INTO fabric_count_formulas (fabric_id,formula_type,coeff_a,coeff_b,gsm_min,gsm_max,source,source_file,notes) VALUES (13,'regression',-0.108,56.62,150,310,'PDF_VERIFIED',NULL,NULL);
INSERT INTO fabric_count_formulas (fabric_id,formula_type,coeff_a,coeff_b,gsm_min,gsm_max,source,source_file,notes) VALUES (14,'regression',-0.119,59.12,150,280,'PDF_VERIFIED',NULL,NULL);
INSERT INTO fabric_count_formulas (fabric_id,formula_type,coeff_a,coeff_b,gsm_min,gsm_max,source,source_file,notes) VALUES (15,'regression',-0.115,53.5,180,380,'ESTIMATED',NULL,NULL);
INSERT INTO fabric_count_formulas (fabric_id,formula_type,coeff_a,coeff_b,gsm_min,gsm_max,source,source_file,notes) VALUES (16,'regression',-0.108,52,220,450,'ESTIMATED',NULL,NULL);
INSERT INTO fabric_count_formulas (fabric_id,formula_type,coeff_a,coeff_b,gsm_min,gsm_max,source,source_file,notes) VALUES (17,'regression',-0.12,54,160,340,'ESTIMATED',NULL,NULL);
INSERT INTO fabric_count_formulas (fabric_id,formula_type,coeff_a,coeff_b,gsm_min,gsm_max,source,source_file,notes) VALUES (18,'regression',-0.11,54,180,380,'ESTIMATED',NULL,NULL);
INSERT INTO fabric_count_formulas (fabric_id,formula_type,coeff_a,coeff_b,gsm_min,gsm_max,source,source_file,notes) VALUES (19,'regression',-0.12,54,150,300,'ESTIMATED',NULL,NULL);
INSERT INTO fabric_count_formulas (fabric_id,formula_type,coeff_a,coeff_b,gsm_min,gsm_max,source,source_file,notes) VALUES (20,'regression',-0.206,80.56,150,380,'PDF_VERIFIED',NULL,NULL);
INSERT INTO fabric_count_formulas (fabric_id,formula_type,coeff_a,coeff_b,gsm_min,gsm_max,source,source_file,notes) VALUES (21,'regression',-0.17,68,200,350,'ESTIMATED',NULL,NULL);
INSERT INTO fabric_count_formulas (fabric_id,formula_type,coeff_a,coeff_b,gsm_min,gsm_max,source,source_file,notes) VALUES (22,'regression',-0.19,74,180,320,'ESTIMATED',NULL,NULL);
INSERT INTO fabric_count_formulas (fabric_id,formula_type,coeff_a,coeff_b,gsm_min,gsm_max,source,source_file,notes) VALUES (23,'regression',-0.155,62,220,420,'ESTIMATED',NULL,NULL);
INSERT INTO fabric_count_formulas (fabric_id,formula_type,coeff_a,coeff_b,gsm_min,gsm_max,source,source_file,notes) VALUES (24,'regression',-0.15,60,180,320,'ESTIMATED',NULL,NULL);
INSERT INTO fabric_count_formulas (fabric_id,formula_type,source,notes) VALUES (25,'denier_based','INDUSTRY_STANDARD','Warp knit uses denier, not Ne');
INSERT INTO fabric_count_formulas (fabric_id,formula_type,source,notes) VALUES (26,'denier_based','INDUSTRY_STANDARD','Warp knit uses denier, not Ne');
INSERT INTO fabric_count_formulas (fabric_id,formula_type,source,notes) VALUES (27,'denier_based','INDUSTRY_STANDARD','Warp knit uses denier, not Ne');
INSERT INTO fabric_count_formulas (fabric_id,formula_type,source,notes) VALUES (28,'denier_based','INDUSTRY_STANDARD','Warp knit uses denier, not Ne');
INSERT INTO fabric_count_formulas (fabric_id,formula_type,source,notes) VALUES (29,'denier_based','INDUSTRY_STANDARD','Warp knit uses denier, not Ne');

-- ============ PATTERNS ============
INSERT INTO fabric_patterns (fabric_id,pattern_name,courses_per_repeat,wales_per_repeat,pattern_type,pattern_cylinder,pattern_dial,cam_arrangement,needle_butt_pattern,needle_description) VALUES (1,'default',1,1,'single','[["K"]]',NULL,'[{"feed":1,"cylinder":"K","note":"Plain knit cam on all needles"}]','AAAA','All long-butt needles, all engaged uniformly');
INSERT INTO fabric_patterns (fabric_id,pattern_name,courses_per_repeat,wales_per_repeat,pattern_type,pattern_cylinder,pattern_dial,cam_arrangement,needle_butt_pattern,needle_description) VALUES (2,'default',4,2,'single','[["K","K"],["K","T"],["K","K"],["T","K"]]',NULL,'[{"feed":1,"cylinder":"K","note":"All needles knit (ground course)"},{"feed":2,"cylinder":"K/T","note":"A needles knit, B needles tuck"},{"feed":3,"cylinder":"K","note":"All needles knit (ground course)"},{"feed":4,"cylinder":"T/K","note":"A needles tuck, B needles knit"}]','ABAB','Long butt (A) and Short butt (B) alternating; different cam tracks');
INSERT INTO fabric_patterns (fabric_id,pattern_name,courses_per_repeat,wales_per_repeat,pattern_type,pattern_cylinder,pattern_dial,cam_arrangement,needle_butt_pattern,needle_description) VALUES (3,'default',4,4,'single','[["K","T","K","T"],["T","K","T","K"],["K","T","K","T"],["T","K","T","K"]]',NULL,'[{"feed":1,"cylinder":"K/T alternate","note":"A=K, B=T"},{"feed":2,"cylinder":"T/K alternate","note":"A=T, B=K"},{"feed":3,"cylinder":"K/T alternate","note":"same as feed 1"},{"feed":4,"cylinder":"T/K alternate","note":"same as feed 2"}]','ABAB','Alternating long-short butt');
INSERT INTO fabric_patterns (fabric_id,pattern_name,courses_per_repeat,wales_per_repeat,pattern_type,pattern_cylinder,pattern_dial,cam_arrangement,needle_butt_pattern,needle_description) VALUES (4,'default',2,2,'single','[["K","T"],["T","K"]]',NULL,'[{"feed":1,"cylinder":"K/T alternate","note":"Odd needles knit, even tuck"},{"feed":2,"cylinder":"T/K alternate","note":"Odd needles tuck, even knit"}]','ABAB','Long (A) and short (B) butt alternating. A-needles follow cam track 1, B follow cam track 2.');
INSERT INTO fabric_patterns (fabric_id,pattern_name,courses_per_repeat,wales_per_repeat,pattern_type,pattern_cylinder,pattern_dial,cam_arrangement,needle_butt_pattern,needle_description) VALUES (5,'default',4,2,'single','[["K","T"],["K","T"],["T","K"],["T","K"]]',NULL,'[{"feed":1,"cylinder":"K/T","note":"A=K, B=T"},{"feed":2,"cylinder":"K/T","note":"Same as feed 1 (double tuck)"},{"feed":3,"cylinder":"T/K","note":"A=T, B=K"},{"feed":4,"cylinder":"T/K","note":"Same as feed 3 (double tuck)"}]','ABAB','Long-short butt alternating');
INSERT INTO fabric_patterns (fabric_id,pattern_name,courses_per_repeat,wales_per_repeat,pattern_type,pattern_cylinder,pattern_dial,cam_arrangement,needle_butt_pattern,needle_description) VALUES (6,'default',2,1,'single','[["K"],["K"]]',NULL,'[{"feed":1,"cylinder":"K","yarn":"ground","note":"Ground yarn knits all needles"},{"feed":2,"cylinder":"K+T alternate","yarn":"tie","note":"Tie yarn tucks every 2nd needle (holds inlay)"},{"feed":3,"cylinder":"inlay","yarn":"pile","note":"Pile yarn floats over sinkers — forms loops on back"}]','AAAA','All needles engaged. Sinker control creates back loops for pile.');
INSERT INTO fabric_patterns (fabric_id,pattern_name,courses_per_repeat,wales_per_repeat,pattern_type,pattern_cylinder,pattern_dial,cam_arrangement,needle_butt_pattern,needle_description) VALUES (7,'default',1,1,'single','[["K"],["K"]]',NULL,'[{"feed":1,"cylinder":"K","yarn":"ground"},{"feed":2,"cylinder":"K+T","yarn":"binder"},{"feed":3,"cylinder":"inlay","yarn":"pile"}]','AAAA','All needles active');
INSERT INTO fabric_patterns (fabric_id,pattern_name,courses_per_repeat,wales_per_repeat,pattern_type,pattern_cylinder,pattern_dial,cam_arrangement,needle_butt_pattern,needle_description) VALUES (8,'default',2,1,'single','[["K"],["K"]]',NULL,'[{"feed":"A","cylinder":"K","yarn":"ground","note":"Ground yarn, short sinker — base structure"},{"feed":"B","cylinder":"K","yarn":"pile","note":"Pile yarn, long sinker advance — forms loops on face or back"}]','AAAA','All needles engaged. Loop height controlled by long/short sinker ring alternation, NOT needle selection.');
INSERT INTO fabric_patterns (fabric_id,pattern_name,courses_per_repeat,wales_per_repeat,pattern_type,pattern_cylinder,pattern_dial,cam_arrangement,needle_butt_pattern,needle_description) VALUES (9,'default',4,4,'single','[["K","K","K","K"],["K","M","K","K"],["K","K","K","K"],["K","K","K","M"]]',NULL,'[{"feed":1,"cylinder":"K","note":"All knit"},{"feed":2,"cylinder":"K/transfer","note":"Transfer needles create hole, adjacent needle double-loop"},{"feed":3,"cylinder":"K","note":"All knit"},{"feed":4,"cylinder":"K/transfer","note":"Transfer at offset position for diamond/chevron pattern"}]','AAAA','All needles; selected needles have transfer/pressing mechanism engaged per course');
INSERT INTO fabric_patterns (fabric_id,pattern_name,courses_per_repeat,wales_per_repeat,pattern_type,pattern_cylinder,pattern_dial,cam_arrangement,needle_butt_pattern,needle_description) VALUES (10,'default',1,1,'single','[["K"]]',NULL,'[{"feed":1,"cylinder":"K","note":"Two yarns fed simultaneously through plating attachment"}]','AAAA','All needles, standard arrangement. Plating attachment positions two yarns so yarn-1 always face, yarn-2 always back.');
INSERT INTO fabric_patterns (fabric_id,pattern_name,courses_per_repeat,wales_per_repeat,pattern_type,pattern_cylinder,pattern_dial,cam_arrangement,needle_butt_pattern,needle_description) VALUES (11,'default',1,1,'single','[["K"]]',NULL,'[{"feed":1,"yarn":"color_A","cylinder":"selective K/M","note":"Electronic selection: color A needles knit, others miss"},{"feed":2,"yarn":"color_B","cylinder":"selective K/M","note":"Electronic selection: color B needles knit, others miss"}]','electronic','Electronic jacquard is design-dependent; this row seeds a minimal placeholder repeat.');
INSERT INTO fabric_patterns (fabric_id,pattern_name,courses_per_repeat,wales_per_repeat,pattern_type,pattern_cylinder,pattern_dial,cam_arrangement,needle_butt_pattern,needle_description) VALUES (12,'default',1,2,'double','[["K"]]','[["K"]]','[{"feed":1,"cylinder":"K","dial":"K","note":"Alternating cylinder and dial needles all knit"}]','C_D_C_D','Alternating cylinder (C) and dial (D) needles. Gating: 90° offset so C and D needles interleave.');
INSERT INTO fabric_patterns (fabric_id,pattern_name,courses_per_repeat,wales_per_repeat,pattern_type,pattern_cylinder,pattern_dial,cam_arrangement,needle_butt_pattern,needle_description) VALUES (13,'default',1,4,'double','[["K","K","M","M"]]','[["M","M","K","K"]]','[{"feed":1,"cylinder":"K on 2 needles","dial":"K on 2 needles","note":"Groups of 2 cylinder then 2 dial needles active"}]','CC_DD_CC_DD','2 cylinder needles active, 2 dial, 2 cylinder... Remaining needles disengaged or removed.');
INSERT INTO fabric_patterns (fabric_id,pattern_name,courses_per_repeat,wales_per_repeat,pattern_type,pattern_cylinder,pattern_dial,cam_arrangement,needle_butt_pattern,needle_description) VALUES (14,'default',1,1,'single','[["K"]]','[["K"]]',NULL,'standard','');
INSERT INTO fabric_patterns (fabric_id,pattern_name,courses_per_repeat,wales_per_repeat,pattern_type,pattern_cylinder,pattern_dial,cam_arrangement,needle_butt_pattern,needle_description) VALUES (15,'default',2,2,'double','[["K"],["K"]]','[["K"],["T"]]','[{"feed":1,"cylinder":"K","dial":"K","note":"Course 1: full rib (knit on both beds)"},{"feed":2,"cylinder":"K","dial":"T","note":"Course 2: cylinder knits, dial tucks"}]','C_D_C_D','1:1 alternating cylinder/dial. Dial needles tucked every second course.');
INSERT INTO fabric_patterns (fabric_id,pattern_name,courses_per_repeat,wales_per_repeat,pattern_type,pattern_cylinder,pattern_dial,cam_arrangement,needle_butt_pattern,needle_description) VALUES (16,'default',2,2,'double','[["K"],["T"]]','[["T"],["K"]]','[{"feed":1,"cylinder":"K","dial":"T","note":"Course 1: Cylinder knits, dial tucks"},{"feed":2,"cylinder":"T","dial":"K","note":"Course 2: Cylinder tucks, dial knits"}]','C_D_C_D','1:1 alternating. Both beds alternate between knitting and tucking each course.');
INSERT INTO fabric_patterns (fabric_id,pattern_name,courses_per_repeat,wales_per_repeat,pattern_type,pattern_cylinder,pattern_dial,cam_arrangement,needle_butt_pattern,needle_description) VALUES (17,'default',2,2,'double','[["K"],["K"]]','[["K"],["M"]]','[{"feed":1,"cylinder":"K","dial":"K","note":"Course 1: 1×1 rib course (both beds knit)"},{"feed":2,"cylinder":"K","dial":"M","note":"Course 2: cylinder only (dial disengaged / retracted)"}]','C_D_C_D','1:1 alternating; dial needles retracted on every second course.');
INSERT INTO fabric_patterns (fabric_id,pattern_name,courses_per_repeat,wales_per_repeat,pattern_type,pattern_cylinder,pattern_dial,cam_arrangement,needle_butt_pattern,needle_description) VALUES (18,'default',3,2,'double','[["K"],["K"],["M"]]','[["K"],["M"],["K"]]','[{"feed":1,"cylinder":"K","dial":"K","note":"Course 1: 1×1 rib (both beds)"},{"feed":2,"cylinder":"K","dial":"M","note":"Course 2: plain cylinder only"},{"feed":3,"cylinder":"M","dial":"K","note":"Course 3: plain dial only"}]','C_D_C_D','1:1 alternating. Cylinder and dial alternately retracted in courses 2 and 3.');
INSERT INTO fabric_patterns (fabric_id,pattern_name,courses_per_repeat,wales_per_repeat,pattern_type,pattern_cylinder,pattern_dial,cam_arrangement,needle_butt_pattern,needle_description) VALUES (19,'default',1,4,'double','[["K","K","K","M"]]','[["K","K","K","K"]]','[{"feed":1,"cylinder":"K on active needles","dial":"K","note":"Active needles knit; missing needle positions form vertical channel/ladder"}]','CCC_','3 active cylinder needles then 1 removed needle slot. Pattern repeats. Dial: standard.');
INSERT INTO fabric_patterns (fabric_id,pattern_name,courses_per_repeat,wales_per_repeat,pattern_type,pattern_cylinder,pattern_dial,cam_arrangement,needle_butt_pattern,needle_description) VALUES (20,'default',2,2,'double','[["K","M"],["M","K"]]','[["M","K"],["K","M"]]','[{"feed":1,"cylinder":"K on A needles, M on B","dial":"M on A, K on B","note":"Feed 1: odd-position knit on cyl, even on dial"},{"feed":2,"cylinder":"M on A, K on B","dial":"K on A, M on B","note":"Feed 2: opposite — even-position knit on cyl, odd on dial"}]','A_B_A_B (cylinder) offset to B_A_B_A (dial)','Long (A) and short (B) butt alternating on cylinder. Dial: inverse pattern. Each feed activates complementary set.');
INSERT INTO fabric_patterns (fabric_id,pattern_name,courses_per_repeat,wales_per_repeat,pattern_type,pattern_cylinder,pattern_dial,cam_arrangement,needle_butt_pattern,needle_description) VALUES (21,'default',4,2,'double','[["K","M"],["M","K"],["K","K"],["M","M"]]','[["M","K"],["K","M"],["M","M"],["K","K"]]','[{"feed":1,"cylinder":"K/M alternate","dial":"M/K alternate","note":"Course 1: Interlock feed A"},{"feed":2,"cylinder":"M/K alternate","dial":"K/M alternate","note":"Course 2: Interlock feed B"},{"feed":3,"cylinder":"K all","dial":"M all","note":"Course 3: Plain cylinder course (dial retracted)"},{"feed":4,"cylinder":"M all","dial":"K all","note":"Course 4: Plain dial course (cylinder retracted)"}]','A_B (cyl) / B_A (dial) — as interlock','Standard interlock gating. Courses 3&4 use full-width cam engagement on one bed at a time.');
INSERT INTO fabric_patterns (fabric_id,pattern_name,courses_per_repeat,wales_per_repeat,pattern_type,pattern_cylinder,pattern_dial,cam_arrangement,needle_butt_pattern,needle_description) VALUES (22,'default',2,4,'double','[["K","K","M","M"],["M","M","K","K"]]','[["M","M","K","K"],["K","K","M","M"]]','[{"feed":1,"cylinder":"K on AABB pattern","dial":"K on BBAA","note":"Groups of 2 active on alternate positions"},{"feed":2,"cylinder":"K on BBAA","dial":"K on AABB","note":"Interlocking complement"}]','AABB_AABB (cyl) / BBAA_BBAA (dial)','Groups of 2 long-butt then 2 short-butt needles alternating. Creates a 2×2 interlock effect.');
INSERT INTO fabric_patterns (fabric_id,pattern_name,courses_per_repeat,wales_per_repeat,pattern_type,pattern_cylinder,pattern_dial,cam_arrangement,needle_butt_pattern,needle_description) VALUES (23,'default',5,2,'double','[["K"],["K"],["K"],["K"],["K","M"]]','[["M"],["M"],["M"],["M"],["M","K"]]','[{"feed":"1-4","cylinder":"K all","dial":"M (held)","note":"Courses 1-4: Only cylinder knits; dial loops held (accumulate)"},{"feed":5,"cylinder":"K/M alternate","dial":"M/K alternate","note":"Course 5: Interlock to anchor held dial loops — creates cord"}]','Standard interlock','Standard interlock gating. Dial needles held (not activated) for several courses, creating trapped float which forms cord.');
INSERT INTO fabric_patterns (fabric_id,pattern_name,courses_per_repeat,wales_per_repeat,pattern_type,pattern_cylinder,pattern_dial,cam_arrangement,needle_butt_pattern,needle_description) VALUES (24,'default',4,4,'double','[["K","K","K","K"],["K","M","K","M"],["K","K","K","K"],["K","M","K","M"]]','[["K","K","K","K"],["M","K","M","K"],["K","K","K","K"],["M","K","M","K"]]','[{"feed":1,"cylinder":"K all","dial":"K all","note":"Course 1: full rib"},{"feed":2,"cylinder":"K/M alternate","dial":"M/K alternate","note":"Course 2: miss on alternate"},{"feed":3,"cylinder":"K all","dial":"K all","note":"Course 3: full rib"},{"feed":4,"cylinder":"K/M alternate (offset)","dial":"M/K alternate (offset)","note":"Course 4: miss at offset wales"}]','Standard interlock ABAB','Interlock gating with selective engagement via cam settings for miss courses.');
INSERT INTO fabric_patterns (fabric_id,pattern_name,courses_per_repeat,wales_per_repeat,pattern_type,pattern_cylinder,pattern_dial,cam_arrangement,needle_butt_pattern,needle_description) VALUES (25,'default',1,1,'warp','[["K"]]',NULL,NULL,'standard','');
INSERT INTO fabric_patterns (fabric_id,pattern_name,courses_per_repeat,wales_per_repeat,pattern_type,pattern_cylinder,pattern_dial,cam_arrangement,needle_butt_pattern,needle_description) VALUES (26,'default',1,1,'warp','[["K"]]',NULL,NULL,'standard','');
INSERT INTO fabric_patterns (fabric_id,pattern_name,courses_per_repeat,wales_per_repeat,pattern_type,pattern_cylinder,pattern_dial,cam_arrangement,needle_butt_pattern,needle_description) VALUES (27,'default',1,1,'warp','[["K"]]',NULL,NULL,'standard','');
INSERT INTO fabric_patterns (fabric_id,pattern_name,courses_per_repeat,wales_per_repeat,pattern_type,pattern_cylinder,pattern_dial,cam_arrangement,needle_butt_pattern,needle_description) VALUES (28,'default',1,1,'single','[["K"]]',NULL,NULL,'standard','');
INSERT INTO fabric_patterns (fabric_id,pattern_name,courses_per_repeat,wales_per_repeat,pattern_type,pattern_cylinder,pattern_dial,cam_arrangement,needle_butt_pattern,needle_description) VALUES (29,'default',1,1,'warp','[["K"]]',NULL,NULL,'standard','');

-- ============ YARN COUNT LOOKUP ============
INSERT INTO yarn_count_lookup (fabric_id,gsm,count_display,yarn1_ne,yarn2_ne,source) VALUES (8,200,'ground 30/S + pile 30/S',30,30,'PDF_VERIFIED');
INSERT INTO yarn_count_lookup (fabric_id,gsm,count_display,yarn1_ne,yarn2_ne,source) VALUES (8,220,'ground 26/S + pile 26/S',26,26,'PDF_VERIFIED');
INSERT INTO yarn_count_lookup (fabric_id,gsm,count_display,yarn1_ne,yarn2_ne,source) VALUES (8,240,'ground 24/S + pile 24/S',24,24,'PDF_VERIFIED');
INSERT INTO yarn_count_lookup (fabric_id,gsm,count_display,yarn1_ne,yarn2_ne,source) VALUES (8,260,'ground 22/S + pile 22/S',22,22,'PDF_VERIFIED');
INSERT INTO yarn_count_lookup (fabric_id,gsm,count_display,yarn1_ne,yarn2_ne,source) VALUES (8,280,'ground 20/S + pile 20/S',20,20,'PDF_VERIFIED');
INSERT INTO yarn_count_lookup (fabric_id,gsm,count_display,yarn1_ne,yarn2_ne,binder_denier,source) VALUES (7,200,'36/S+12/S+75D',36,12,75,'PDF_VERIFIED');
INSERT INTO yarn_count_lookup (fabric_id,gsm,count_display,yarn1_ne,yarn2_ne,binder_denier,source) VALUES (6,200,'36/S+12/S+75D',36,12,75,'PDF_VERIFIED');
INSERT INTO yarn_count_lookup (fabric_id,gsm,count_display,yarn1_ne,yarn2_ne,binder_denier,source) VALUES (7,220,'36/S+14/S+75D',36,14,75,'PDF_VERIFIED');
INSERT INTO yarn_count_lookup (fabric_id,gsm,count_display,yarn1_ne,yarn2_ne,binder_denier,source) VALUES (6,220,'36/S+14/S+75D',36,14,75,'PDF_VERIFIED');
INSERT INTO yarn_count_lookup (fabric_id,gsm,count_display,yarn1_ne,yarn2_ne,binder_denier,source) VALUES (7,240,'34/S+16/S+75D',34,16,75,'PDF_VERIFIED');
INSERT INTO yarn_count_lookup (fabric_id,gsm,count_display,yarn1_ne,yarn2_ne,binder_denier,source) VALUES (6,240,'34/S+16/S+75D',34,16,75,'PDF_VERIFIED');
INSERT INTO yarn_count_lookup (fabric_id,gsm,count_display,yarn1_ne,yarn2_ne,binder_denier,source) VALUES (7,260,'32/S+18/S+75D',32,18,75,'PDF_VERIFIED');
INSERT INTO yarn_count_lookup (fabric_id,gsm,count_display,yarn1_ne,yarn2_ne,binder_denier,source) VALUES (6,260,'32/S+18/S+75D',32,18,75,'PDF_VERIFIED');
INSERT INTO yarn_count_lookup (fabric_id,gsm,count_display,yarn1_ne,yarn2_ne,binder_denier,source) VALUES (7,280,'30/S+20/S+75D',30,20,75,'PDF_VERIFIED');
INSERT INTO yarn_count_lookup (fabric_id,gsm,count_display,yarn1_ne,yarn2_ne,binder_denier,source) VALUES (6,280,'30/S+20/S+75D',30,20,75,'PDF_VERIFIED');
INSERT INTO yarn_count_lookup (fabric_id,gsm,count_display,yarn1_ne,yarn2_ne,binder_denier,source) VALUES (7,300,'30/S+20/S+75D',30,20,75,'PDF_VERIFIED');
INSERT INTO yarn_count_lookup (fabric_id,gsm,count_display,yarn1_ne,yarn2_ne,binder_denier,source) VALUES (6,300,'30/S+20/S+75D',30,20,75,'PDF_VERIFIED');
INSERT INTO yarn_count_lookup (fabric_id,gsm,count_display,yarn1_ne,yarn2_ne,binder_denier,source) VALUES (7,320,'28/S+20/S+75D',28,20,75,'PDF_VERIFIED');
INSERT INTO yarn_count_lookup (fabric_id,gsm,count_display,yarn1_ne,yarn2_ne,binder_denier,source) VALUES (6,320,'28/S+20/S+75D',28,20,75,'PDF_VERIFIED');
INSERT INTO yarn_count_lookup (fabric_id,gsm,count_display,yarn1_ne,yarn2_ne,binder_denier,source) VALUES (7,340,'28/S+22/S+75D',28,22,75,'PDF_VERIFIED');
INSERT INTO yarn_count_lookup (fabric_id,gsm,count_display,yarn1_ne,yarn2_ne,binder_denier,source) VALUES (6,340,'28/S+22/S+75D',28,22,75,'PDF_VERIFIED');
INSERT INTO yarn_count_lookup (fabric_id,gsm,count_display,yarn1_ne,source) VALUES (1,140,'30/1',30,'PDF_VERIFIED');
INSERT INTO yarn_count_lookup (fabric_id,gsm,count_display,yarn1_ne,source) VALUES (1,160,'26/1',26,'PDF_VERIFIED');
INSERT INTO yarn_count_lookup (fabric_id,gsm,count_display,yarn1_ne,source) VALUES (1,180,'24/1',24,'PDF_VERIFIED');
INSERT INTO yarn_count_lookup (fabric_id,gsm,count_display,yarn1_ne,source) VALUES (1,200,'20/1',20,'PDF_VERIFIED');
INSERT INTO yarn_count_lookup (fabric_id,gsm,count_display,yarn1_ne,source) VALUES (1,220,'18/1',18,'PDF_VERIFIED');
INSERT INTO yarn_count_lookup (fabric_id,gsm,count_display,yarn1_ne,source) VALUES (1,240,'16/1',16,'PDF_VERIFIED');
INSERT INTO yarn_count_lookup (fabric_id,gsm,count_display,yarn1_ne,source) VALUES (20,190,'40/1',40,'PDF_VERIFIED');
INSERT INTO yarn_count_lookup (fabric_id,gsm,count_display,yarn1_ne,source) VALUES (20,200,'40/1',40,'PDF_VERIFIED');
INSERT INTO yarn_count_lookup (fabric_id,gsm,count_display,yarn1_ne,source) VALUES (20,220,'34/1',34,'PDF_VERIFIED');
INSERT INTO yarn_count_lookup (fabric_id,gsm,count_display,yarn1_ne,source) VALUES (20,240,'30/1',30,'PDF_VERIFIED');
INSERT INTO yarn_count_lookup (fabric_id,gsm,count_display,yarn1_ne,source) VALUES (12,180,'34/1',34,'PDF_VERIFIED');
INSERT INTO yarn_count_lookup (fabric_id,gsm,count_display,yarn1_ne,source) VALUES (12,190,'30/1',30,'PDF_VERIFIED');
INSERT INTO yarn_count_lookup (fabric_id,gsm,count_display,yarn1_ne,source) VALUES (12,200,'28/1',28,'PDF_VERIFIED');
INSERT INTO yarn_count_lookup (fabric_id,gsm,count_display,yarn1_ne,source) VALUES (12,220,'26/1',26,'PDF_VERIFIED');
INSERT INTO yarn_count_lookup (fabric_id,gsm,count_display,yarn1_ne,source) VALUES (12,230,'24/1',24,'PDF_VERIFIED');
INSERT INTO yarn_count_lookup (fabric_id,gsm,count_display,yarn1_ne,source) VALUES (12,240,'24/1',24,'PDF_VERIFIED');

-- ============ HEAVY SINGLE JERSEY (ID: 30) ============
INSERT INTO fabrics (id,slug,name,name_bn,category,base_fabric,gsm_min,gsm_max,gauge_min,gauge_max,typical_gauge,ll_multiplier,ll_source,machine_type,is_multi_yarn,is_warp_knit,appearance,machine_note,sort_order) VALUES (30,'heavy_jersey','Heavy Single Jersey','হেভি সিঙ্গেল জার্সি','single_jersey','single_jersey',260,350,14,20,16,1.05,'ESTIMATED — slightly longer loop to accommodate heavy yarn','single_bed_circular',0,0,NULL,'Requires robust needles and stronger take-down tension.',30);
INSERT INTO fabric_count_formulas (fabric_id,formula_type,coeff_a,coeff_b,gsm_min,gsm_max,source,source_file,notes) VALUES (30,'regression',-0.0889,37.11,260,350,'LOOKUP_DERIVED',NULL,'Regression matched to factory R&D database.');
INSERT INTO fabric_patterns (fabric_id,pattern_name,courses_per_repeat,wales_per_repeat,pattern_type,pattern_cylinder,pattern_dial,cam_arrangement,needle_butt_pattern,needle_description) VALUES (30,'default',1,1,'single','[["K"]]',NULL,'[{"feed":1,"cylinder":"K","note":"Plain knit cam on all needles"}]','AAAA','All long-butt needles');

-- Yarn Count lookups for Heavy Single Jersey (100% Cotton)
INSERT INTO yarn_count_lookup (fabric_id,gsm,count_display,yarn1_ne,source) VALUES (30,260,'14/1',14,'PDF_VERIFIED');
INSERT INTO yarn_count_lookup (fabric_id,gsm,count_display,yarn1_ne,source) VALUES (30,280,'12/1',12,'PDF_VERIFIED');
INSERT INTO yarn_count_lookup (fabric_id,gsm,count_display,yarn1_ne,source) VALUES (30,300,'10/1',10,'PDF_VERIFIED');
INSERT INTO yarn_count_lookup (fabric_id,gsm,count_display,yarn1_ne,source) VALUES (30,320,'8/1',8,'PDF_VERIFIED');
INSERT INTO yarn_count_lookup (fabric_id,gsm,count_display,yarn1_ne,source) VALUES (30,340,'7/1',7,'PDF_VERIFIED');
INSERT INTO yarn_count_lookup (fabric_id,gsm,count_display,yarn1_ne,source) VALUES (30,350,'6/1',6,'PDF_VERIFIED');

-- Yarn Count lookups for Heavy Single Jersey + Elastane
INSERT INTO yarn_count_lookup (fabric_id,gsm,count_display,yarn1_ne,binder_denier,source) VALUES (30,260,'20/1+40D',20,40,'PDF_VERIFIED');
INSERT INTO yarn_count_lookup (fabric_id,gsm,count_display,yarn1_ne,binder_denier,source) VALUES (30,280,'18/1+40D',18,40,'PDF_VERIFIED');
INSERT INTO yarn_count_lookup (fabric_id,gsm,count_display,yarn1_ne,binder_denier,source) VALUES (30,300,'16/1+40D',16,40,'PDF_VERIFIED');
INSERT INTO yarn_count_lookup (fabric_id,gsm,count_display,yarn1_ne,binder_denier,source) VALUES (30,320,'14/1+40D',14,40,'PDF_VERIFIED');
INSERT INTO yarn_count_lookup (fabric_id,gsm,count_display,yarn1_ne,binder_denier,source) VALUES (30,340,'12/1+40D',12,40,'PDF_VERIFIED');
INSERT INTO yarn_count_lookup (fabric_id,gsm,count_display,yarn1_ne,binder_denier,source) VALUES (30,350,'10/1+70D',10,70,'PDF_VERIFIED');

